cell,r,power,K,check_steps,mismatch,mismatch_rate_pct,tps,delta_pct_vs_ctrl,quality_ok,log_check,log_perf
ctrl,,,,0,0,0,29.4136,0,1,/home/antmi/lemon-mlx-engine/docs/experiments/mtp-t1-lmhead-graph/sweep_out/ctrl.txt,
r64_p0_K4096,64,0,4096,64,20,31.25,30.0068,2.017,1,/home/antmi/lemon-mlx-engine/docs/experiments/mtp-t1-lmhead-graph/sweep_out/r64_p0_K4096_check.txt,/home/antmi/lemon-mlx-engine/docs/experiments/mtp-t1-lmhead-graph/sweep_out/r64_p0_K4096_perf.txt
r64_p0_K8192,64,0,8192,64,19,29.6875,30.3117,3.053,1,/home/antmi/lemon-mlx-engine/docs/experiments/mtp-t1-lmhead-graph/sweep_out/r64_p0_K8192_check.txt,/home/antmi/lemon-mlx-engine/docs/experiments/mtp-t1-lmhead-graph/sweep_out/r64_p0_K8192_perf.txt
r64_p0_K16384,64,0,16384,64,9,14.0625,29.9212,1.726,1,/home/antmi/lemon-mlx-engine/docs/experiments/mtp-t1-lmhead-graph/sweep_out/r64_p0_K16384_check.txt,/home/antmi/lemon-mlx-engine/docs/experiments/mtp-t1-lmhead-graph/sweep_out/r64_p0_K16384_perf.txt
r64_p1_K4096,64,1,4096,64,10,15.625,29.8782,1.58,1,/home/antmi/lemon-mlx-engine/docs/experiments/mtp-t1-lmhead-graph/sweep_out/r64_p1_K4096_check.txt,/home/antmi/lemon-mlx-engine/docs/experiments/mtp-t1-lmhead-graph/sweep_out/r64_p1_K4096_perf.txt
r64_p1_K8192,64,1,8192,64,4,6.25,29.9468,1.813,1,/home/antmi/lemon-mlx-engine/docs/experiments/mtp-t1-lmhead-graph/sweep_out/r64_p1_K8192_check.txt,/home/antmi/lemon-mlx-engine/docs/experiments/mtp-t1-lmhead-graph/sweep_out/r64_p1_K8192_perf.txt
r64_p1_K16384,64,1,16384,64,0,0,29.8469,1.473,1,/home/antmi/lemon-mlx-engine/docs/experiments/mtp-t1-lmhead-graph/sweep_out/r64_p1_K16384_check.txt,/home/antmi/lemon-mlx-engine/docs/experiments/mtp-t1-lmhead-graph/sweep_out/r64_p1_K16384_perf.txt
r64_p2_K4096,64,2,4096,64,5,7.8125,30.0655,2.216,1,/home/antmi/lemon-mlx-engine/docs/experiments/mtp-t1-lmhead-graph/sweep_out/r64_p2_K4096_check.txt,/home/antmi/lemon-mlx-engine/docs/experiments/mtp-t1-lmhead-graph/sweep_out/r64_p2_K4096_perf.txt
r64_p2_K8192,64,2,8192,64,2,3.125,30.3981,3.347,1,/home/antmi/lemon-mlx-engine/docs/experiments/mtp-t1-lmhead-graph/sweep_out/r64_p2_K8192_check.txt,/home/antmi/lemon-mlx-engine/docs/experiments/mtp-t1-lmhead-graph/sweep_out/r64_p2_K8192_perf.txt
r64_p2_K16384,64,2,16384,64,0,0,28.5438,-2.957,1,/home/antmi/lemon-mlx-engine/docs/experiments/mtp-t1-lmhead-graph/sweep_out/r64_p2_K16384_check.txt,/home/antmi/lemon-mlx-engine/docs/experiments/mtp-t1-lmhead-graph/sweep_out/r64_p2_K16384_perf.txt
r96_p0_K4096,96,0,4096,64,11,17.1875,29.5945,0.615,1,/home/antmi/lemon-mlx-engine/docs/experiments/mtp-t1-lmhead-graph/sweep_out/r96_p0_K4096_check.txt,/home/antmi/lemon-mlx-engine/docs/experiments/mtp-t1-lmhead-graph/sweep_out/r96_p0_K4096_perf.txt
r96_p0_K8192,96,0,8192,64,12,18.75,29.7502,1.144,1,/home/antmi/lemon-mlx-engine/docs/experiments/mtp-t1-lmhead-graph/sweep_out/r96_p0_K8192_check.txt,/home/antmi/lemon-mlx-engine/docs/experiments/mtp-t1-lmhead-graph/sweep_out/r96_p0_K8192_perf.txt
r96_p0_K16384,96,0,16384,64,1,1.5625,30.3261,3.102,1,/home/antmi/lemon-mlx-engine/docs/experiments/mtp-t1-lmhead-graph/sweep_out/r96_p0_K16384_check.txt,/home/antmi/lemon-mlx-engine/docs/experiments/mtp-t1-lmhead-graph/sweep_out/r96_p0_K16384_perf.txt
r96_p1_K4096,96,1,4096,64,6,9.375,29.948,1.817,1,/home/antmi/lemon-mlx-engine/docs/experiments/mtp-t1-lmhead-graph/sweep_out/r96_p1_K4096_check.txt,/home/antmi/lemon-mlx-engine/docs/experiments/mtp-t1-lmhead-graph/sweep_out/r96_p1_K4096_perf.txt
r96_p1_K8192,96,1,8192,64,2,3.125,29.6812,0.91,1,/home/antmi/lemon-mlx-engine/docs/experiments/mtp-t1-lmhead-graph/sweep_out/r96_p1_K8192_check.txt,/home/antmi/lemon-mlx-engine/docs/experiments/mtp-t1-lmhead-graph/sweep_out/r96_p1_K8192_perf.txt
r96_p1_K16384,96,1,16384,64,2,3.125,30.0706,2.234,1,/home/antmi/lemon-mlx-engine/docs/experiments/mtp-t1-lmhead-graph/sweep_out/r96_p1_K16384_check.txt,/home/antmi/lemon-mlx-engine/docs/experiments/mtp-t1-lmhead-graph/sweep_out/r96_p1_K16384_perf.txt
r96_p2_K4096,96,2,4096,64,2,3.125,30.1604,2.539,1,/home/antmi/lemon-mlx-engine/docs/experiments/mtp-t1-lmhead-graph/sweep_out/r96_p2_K4096_check.txt,/home/antmi/lemon-mlx-engine/docs/experiments/mtp-t1-lmhead-graph/sweep_out/r96_p2_K4096_perf.txt
r96_p2_K8192,96,2,8192,64,2,3.125,30.205,2.691,1,/home/antmi/lemon-mlx-engine/docs/experiments/mtp-t1-lmhead-graph/sweep_out/r96_p2_K8192_check.txt,/home/antmi/lemon-mlx-engine/docs/experiments/mtp-t1-lmhead-graph/sweep_out/r96_p2_K8192_perf.txt
r96_p2_K16384,96,2,16384,64,2,3.125,30.2715,2.917,1,/home/antmi/lemon-mlx-engine/docs/experiments/mtp-t1-lmhead-graph/sweep_out/r96_p2_K16384_check.txt,/home/antmi/lemon-mlx-engine/docs/experiments/mtp-t1-lmhead-graph/sweep_out/r96_p2_K16384_perf.txt
r128_p0_K4096,128,0,4096,64,3,4.6875,28.7226,-2.349,1,/home/antmi/lemon-mlx-engine/docs/experiments/mtp-t1-lmhead-graph/sweep_out/r128_p0_K4096_check.txt,/home/antmi/lemon-mlx-engine/docs/experiments/mtp-t1-lmhead-graph/sweep_out/r128_p0_K4096_perf.txt
r128_p0_K8192,128,0,8192,64,6,9.375,28.7992,-2.089,1,/home/antmi/lemon-mlx-engine/docs/experiments/mtp-t1-lmhead-graph/sweep_out/r128_p0_K8192_check.txt,/home/antmi/lemon-mlx-engine/docs/experiments/mtp-t1-lmhead-graph/sweep_out/r128_p0_K8192_perf.txt
r128_p0_K16384,128,0,16384,64,1,1.5625,29.427,0.046,1,/home/antmi/lemon-mlx-engine/docs/experiments/mtp-t1-lmhead-graph/sweep_out/r128_p0_K16384_check.txt,/home/antmi/lemon-mlx-engine/docs/experiments/mtp-t1-lmhead-graph/sweep_out/r128_p0_K16384_perf.txt
r128_p1_K4096,128,1,4096,64,4,6.25,30.3509,3.187,1,/home/antmi/lemon-mlx-engine/docs/experiments/mtp-t1-lmhead-graph/sweep_out/r128_p1_K4096_check.txt,/home/antmi/lemon-mlx-engine/docs/experiments/mtp-t1-lmhead-graph/sweep_out/r128_p1_K4096_perf.txt
r128_p1_K8192,128,1,8192,64,2,3.125,29.9753,1.91,1,/home/antmi/lemon-mlx-engine/docs/experiments/mtp-t1-lmhead-graph/sweep_out/r128_p1_K8192_check.txt,/home/antmi/lemon-mlx-engine/docs/experiments/mtp-t1-lmhead-graph/sweep_out/r128_p1_K8192_perf.txt
r128_p1_K16384,128,1,16384,64,2,3.125,30.6162,4.089,1,/home/antmi/lemon-mlx-engine/docs/experiments/mtp-t1-lmhead-graph/sweep_out/r128_p1_K16384_check.txt,/home/antmi/lemon-mlx-engine/docs/experiments/mtp-t1-lmhead-graph/sweep_out/r128_p1_K16384_perf.txt
r128_p2_K4096,128,2,4096,64,2,3.125,28.8786,-1.819,1,/home/antmi/lemon-mlx-engine/docs/experiments/mtp-t1-lmhead-graph/sweep_out/r128_p2_K4096_check.txt,/home/antmi/lemon-mlx-engine/docs/experiments/mtp-t1-lmhead-graph/sweep_out/r128_p2_K4096_perf.txt
r128_p2_K8192,128,2,8192,64,2,3.125,30.279,2.942,1,/home/antmi/lemon-mlx-engine/docs/experiments/mtp-t1-lmhead-graph/sweep_out/r128_p2_K8192_check.txt,/home/antmi/lemon-mlx-engine/docs/experiments/mtp-t1-lmhead-graph/sweep_out/r128_p2_K8192_perf.txt
r128_p2_K16384,128,2,16384,64,2,3.125,29.0974,-1.075,1,/home/antmi/lemon-mlx-engine/docs/experiments/mtp-t1-lmhead-graph/sweep_out/r128_p2_K16384_check.txt,/home/antmi/lemon-mlx-engine/docs/experiments/mtp-t1-lmhead-graph/sweep_out/r128_p2_K16384_perf.txt
r160_p0_K4096,160,0,4096,64,4,6.25,29.0958,-1.08,1,/home/antmi/lemon-mlx-engine/docs/experiments/mtp-t1-lmhead-graph/sweep_out/r160_p0_K4096_check.txt,/home/antmi/lemon-mlx-engine/docs/experiments/mtp-t1-lmhead-graph/sweep_out/r160_p0_K4096_perf.txt
r160_p0_K8192,160,0,8192,64,1,1.5625,29.1885,-0.765,1,/home/antmi/lemon-mlx-engine/docs/experiments/mtp-t1-lmhead-graph/sweep_out/r160_p0_K8192_check.txt,/home/antmi/lemon-mlx-engine/docs/experiments/mtp-t1-lmhead-graph/sweep_out/r160_p0_K8192_perf.txt
r160_p0_K16384,160,0,16384,64,0,0,29.7452,1.127,1,/home/antmi/lemon-mlx-engine/docs/experiments/mtp-t1-lmhead-graph/sweep_out/r160_p0_K16384_check.txt,/home/antmi/lemon-mlx-engine/docs/experiments/mtp-t1-lmhead-graph/sweep_out/r160_p0_K16384_perf.txt
r160_p1_K4096,160,1,4096,64,2,3.125,28.6895,-2.462,1,/home/antmi/lemon-mlx-engine/docs/experiments/mtp-t1-lmhead-graph/sweep_out/r160_p1_K4096_check.txt,/home/antmi/lemon-mlx-engine/docs/experiments/mtp-t1-lmhead-graph/sweep_out/r160_p1_K4096_perf.txt
r160_p1_K8192,160,1,8192,64,0,0,29.0861,-1.113,1,/home/antmi/lemon-mlx-engine/docs/experiments/mtp-t1-lmhead-graph/sweep_out/r160_p1_K8192_check.txt,/home/antmi/lemon-mlx-engine/docs/experiments/mtp-t1-lmhead-graph/sweep_out/r160_p1_K8192_perf.txt
r160_p1_K16384,160,1,16384,64,0,0,28.6068,-2.743,1,/home/antmi/lemon-mlx-engine/docs/experiments/mtp-t1-lmhead-graph/sweep_out/r160_p1_K16384_check.txt,/home/antmi/lemon-mlx-engine/docs/experiments/mtp-t1-lmhead-graph/sweep_out/r160_p1_K16384_perf.txt
r160_p2_K4096,160,2,4096,64,2,3.125,29.0757,-1.149,1,/home/antmi/lemon-mlx-engine/docs/experiments/mtp-t1-lmhead-graph/sweep_out/r160_p2_K4096_check.txt,/home/antmi/lemon-mlx-engine/docs/experiments/mtp-t1-lmhead-graph/sweep_out/r160_p2_K4096_perf.txt
r160_p2_K8192,160,2,8192,64,2,3.125,29.7591,1.175,1,/home/antmi/lemon-mlx-engine/docs/experiments/mtp-t1-lmhead-graph/sweep_out/r160_p2_K8192_check.txt,/home/antmi/lemon-mlx-engine/docs/experiments/mtp-t1-lmhead-graph/sweep_out/r160_p2_K8192_perf.txt
r160_p2_K16384,160,2,16384,64,0,0,29.5548,0.48,1,/home/antmi/lemon-mlx-engine/docs/experiments/mtp-t1-lmhead-graph/sweep_out/r160_p2_K16384_check.txt,/home/antmi/lemon-mlx-engine/docs/experiments/mtp-t1-lmhead-graph/sweep_out/r160_p2_K16384_perf.txt
r192_p0_K4096,192,0,4096,64,1,1.5625,28.3073,-3.761,1,/home/antmi/lemon-mlx-engine/docs/experiments/mtp-t1-lmhead-graph/sweep_out/r192_p0_K4096_check.txt,/home/antmi/lemon-mlx-engine/docs/experiments/mtp-t1-lmhead-graph/sweep_out/r192_p0_K4096_perf.txt
r192_p0_K8192,192,0,8192,64,4,6.25,28.1968,-4.137,1,/home/antmi/lemon-mlx-engine/docs/experiments/mtp-t1-lmhead-graph/sweep_out/r192_p0_K8192_check.txt,/home/antmi/lemon-mlx-engine/docs/experiments/mtp-t1-lmhead-graph/sweep_out/r192_p0_K8192_perf.txt
r192_p0_K16384,192,0,16384,64,1,1.5625,29.6432,0.781,1,/home/antmi/lemon-mlx-engine/docs/experiments/mtp-t1-lmhead-graph/sweep_out/r192_p0_K16384_check.txt,/home/antmi/lemon-mlx-engine/docs/experiments/mtp-t1-lmhead-graph/sweep_out/r192_p0_K16384_perf.txt
r192_p1_K4096,192,1,4096,64,2,3.125,29.8003,1.315,1,/home/antmi/lemon-mlx-engine/docs/experiments/mtp-t1-lmhead-graph/sweep_out/r192_p1_K4096_check.txt,/home/antmi/lemon-mlx-engine/docs/experiments/mtp-t1-lmhead-graph/sweep_out/r192_p1_K4096_perf.txt
r192_p1_K8192,192,1,8192,64,2,3.125,28.9013,-1.742,1,/home/antmi/lemon-mlx-engine/docs/experiments/mtp-t1-lmhead-graph/sweep_out/r192_p1_K8192_check.txt,/home/antmi/lemon-mlx-engine/docs/experiments/mtp-t1-lmhead-graph/sweep_out/r192_p1_K8192_perf.txt
r192_p1_K16384,192,1,16384,64,0,0,28.9203,-1.677,1,/home/antmi/lemon-mlx-engine/docs/experiments/mtp-t1-lmhead-graph/sweep_out/r192_p1_K16384_check.txt,/home/antmi/lemon-mlx-engine/docs/experiments/mtp-t1-lmhead-graph/sweep_out/r192_p1_K16384_perf.txt
r192_p2_K4096,192,2,4096,64,2,3.125,28.3624,-3.574,1,/home/antmi/lemon-mlx-engine/docs/experiments/mtp-t1-lmhead-graph/sweep_out/r192_p2_K4096_check.txt,/home/antmi/lemon-mlx-engine/docs/experiments/mtp-t1-lmhead-graph/sweep_out/r192_p2_K4096_perf.txt
r192_p2_K8192,192,2,8192,64,2,3.125,29.0754,-1.15,1,/home/antmi/lemon-mlx-engine/docs/experiments/mtp-t1-lmhead-graph/sweep_out/r192_p2_K8192_check.txt,/home/antmi/lemon-mlx-engine/docs/experiments/mtp-t1-lmhead-graph/sweep_out/r192_p2_K8192_perf.txt
r192_p2_K16384,192,2,16384,64,2,3.125,25.1222,-14.59,1,/home/antmi/lemon-mlx-engine/docs/experiments/mtp-t1-lmhead-graph/sweep_out/r192_p2_K16384_check.txt,/home/antmi/lemon-mlx-engine/docs/experiments/mtp-t1-lmhead-graph/sweep_out/r192_p2_K16384_perf.txt
